id,first_name,last_name,age,address
1,Monique,Phillips,43,"5607 Bailey Landing Apt. 215, North Ann, FL 78999"
2,David,Phillips,29,"5607 Bailey Landing Apt. 215, North Ann, FL 78999"
3,Kelly,Phillips,7,"5607 Bailey Landing Apt. 215, North Ann, FL 78999"
4,Brian,Phillips,8,"5607 Bailey Landing Apt. 215, North Ann, FL 78999"
5,Shawn,Phillips,13,"5607 Bailey Landing Apt. 215, North Ann, FL 78999"
6,Kevin,Jordan,47,"0056 Johnathan Gateway Apt. 548, New Brookechester, PW 61731"
7,Robert,Jordan,45,"0056 Johnathan Gateway Apt. 548, New Brookechester, PW 61731"
8,Matthew,Jordan,1,"0056 Johnathan Gateway Apt. 548, New Brookechester, PW 61731"
9,Laura,Jordan,9,"0056 Johnathan Gateway Apt. 548, New Brookechester, PW 61731"
10,Linda,Smith,39,"41785 Craig Avenue Apt. 460, Higginstown, NE 01042"
11,Joel,Smith,41,"41785 Craig Avenue Apt. 460, Higginstown, NE 01042"
12,Margaret,Smith,4,"41785 Craig Avenue Apt. 460, Higginstown, NE 01042"
13,Jason,Smith,11,"41785 Craig Avenue Apt. 460, Higginstown, NE 01042"
14,Christina,Smith,7,"41785 Craig Avenue Apt. 460, Higginstown, NE 01042"
15,Kimberly,Hudson,29,"4054 Tucker Ports Suite 687, Cherryburgh, OH 48119"
16,Keith,Hudson,48,"4054 Tucker Ports Suite 687, Cherryburgh, OH 48119"
17,Ashley,Hudson,2,"4054 Tucker Ports Suite 687, Cherryburgh, OH 48119"
18,Robert,Hudson,13,"4054 Tucker Ports Suite 687, Cherryburgh, OH 48119"
